Date,SENSEX.BO,TCS.BO,TATAMOTORS.BO,SUNPHARMA.BO,ITC.BO,INFOSYS.BO,ICICIBANK.BO,AXISBANK.BO,ASIANPAINTS.BO
1/1/2014,21140.48047,2153.699951,374.899994,572.400024,322.099487,3466.399902,1097.400024,6458.75,499.850006
1/2/2014,20888.33008,2162.300049,371.950012,573.900024,315.400513,3474.751953,1075.099976,6363.75,485.5
1/3/2014,20851.33008,2222,362.700012,579.950012,314.849976,3565.447998,1067,6303.25,489.399994
1/6/2014,20787.30078,2239.600098,366.850006,588.150024,316.000519,3514.199951,1040.699951,6279.75,490.399994
1/7/2014,20693.24023,2208.199951,365.299988,593.75,316.750519,3457.399902,1049.950073,6171.5,490.200012
1/8/2014,20729.38086,2233,370.25,601.799988,316.799988,3428.5,1054.050049,6064,490.5
1/9/2014,20713.36914,2243.649902,368.149994,606.5,315.450012,3451.052002,1051.5,5924.75,490.100006
1/10/2014,20758.49023,2281.800049,368.149994,609.700012,322.4505,3548.899902,1024.550049,5822.75,492.75
1/13/2014,21134.21094,2370.300049,376.049988,602.450012,325.5,3665.699951,1056.200073,5917.25,494.600006
1/14/2014,21032.88086,2328.149902,371.799988,603.599976,324.150024,3688.852051,1037.549927,5878.5,487.200012
1/15/2014,21289.49023,2354.25,376.75,603.650024,328.349976,3710.552002,1058.349976,5890.75,492.950012
1/16/2014,21265.17969,2351.350098,369.75,593.25,325.699493,3724.699951,1060.849976,5884.75,496.5
1/17/2014,21063.61914,2215.649902,369.649994,594.150024,324.850494,3728.052002,1035,5764,491.75
1/20/2014,21205.05078,2338.25,374.600006,589.349976,330.199493,3749.899902,1044.100098,5807.75,490.100006
1/21/2014,21251.11914,2280.649902,384.649994,580.900024,328.999481,3755.647949,1078.799927,5945.5,479
1/22/2014,21337.66992,2274.350098,385.299988,597.450012,327.400513,3767.100098,1087.050049,5934.25,473.75
1/23/2014,21373.66016,2254.149902,383,608.799988,328.950012,3792.800049,1079.100098,6081.5,473.149994
1/24/2014,21133.56055,2248.149902,370.5,602.700012,324.199493,3759.052002,1057.949951,6034.75,478.399994
1/27/2014,20707.44922,2230.300049,347.799988,597.450012,324.450012,3732.600098,1010.049988,5799.75,475.950012
1/28/2014,20683.50977,2213.300049,356.25,582.900024,327.150024,3677,1019.150024,5609.75,478
1/29/2014,20647.30078,2209.550049,351.850006,590.700012,325.000519,3717.647949,1001.950012,5698.25,482.75
1/30/2014,20498.25,2217.899902,361.200012,593.299988,324.550507,3704.751953,974.75,5549.75,478.600006
1/31/2014,20513.84961,2236.199951,349.850006,588.150024,325.099487,3699.447998,988.5,5597.75,472.25
2/3/2014,20209.25977,2196.649902,336.600006,595.299988,320.500519,3628.699951,963.700012,5615.25,471.149994
2/4/2014,20211.92969,2155.199951,345.899994,588.799988,325.000519,3566.647949,970.100037,5616.25,476.100006
2/5/2014,20261.0293,2191.050049,355.799988,584.25,318.949493,3581.552002,966.149963,5606,483.899994
2/6/2014,20310.74023,2174.75,357.649994,584.900024,324.599976,3563.447998,957.600037,5514.25,483.950012
2/7/2014,20376.56055,2143.350098,360.899994,601.299988,323.400024,3566.699951,961.75,5628.75,490.5
2/10/2014,20334.26953,2093.699951,364,611.400024,325.000519,3568.5,959.550049,1120.099976,486.950012
2/11/2014,20363.36914,2101,374.299988,608.599976,325.049988,3595.800049,969.100037,5613,483.700012
2/12/2014,20448.49023,2103.800049,376.049988,611.049988,320.2995,3599.600098,999.25,5596,477.399994
2/13/2014,20193.34961,2133.75,375.950012,614.700012,316.750519,3586.447998,981.200012,5506,470.049988
2/14/2014,20366.82031,2166.25,388.149994,608.950012,319.799988,3645.600098,988.399963,5513.5,472.299988
2/17/2014,20464.06055,2168.600098,386.350006,605.950012,319.950012,3662.248047,1009.450012,5576.75,472.950012
2/18/2014,20634.21094,2166.149902,391.450012,609,317.400024,3680,1037.75,5823,473
2/19/2014,20722.9707,2198.449951,391.450012,623.299988,316.600494,3753.947998,1030.650024,5823.5,468.600006
2/20/2014,20536.64063,2192.850098,391.200012,619.349976,311.800507,3713.699951,1008.450012,5783.75,462.200012
2/21/2014,20700.75,2205.350098,395.950012,614.299988,317.500519,3751.699951,1024.75,5948.75,464.200012
2/24/2014,20811.43945,2178.199951,396.600006,620.349976,319.849487,3750.751953,1036.200073,6177.5,470.200012
2/25/2014,20852.4707,2188.300049,398.600006,618.599976,321.900024,3782.699951,1030.699951,6175.75,472.100006
2/26/2014,20986.99023,2182.399902,400.450012,626.799988,328.5495,3803.852051,1036.400024,6181,476.549988
2/28/2014,21120.11914,2272.800049,417.049988,642.700012,327.499481,3820.199951,1043.700073,6329.5,472.950012
3/3/2014,20946.65039,2240.850098,410.649994,625.049988,328.650024,3793.052002,1029.649902,6269,473.049988
3/4/2014,21209.73047,2242.949951,412.899994,620.5,331.5495,3799.899902,1068.300049,6475.25,475.549988
3/5/2014,21276.85938,2250.149902,409.799988,622.25,332.899506,3815.300049,1097.149902,6533.75,474.649994
3/6/2014,21513.86914,2241.149902,407.950012,621,334.699493,3835.699951,1133.650024,6641.5,474.450012
3/7/2014,21919.78906,2225.100098,409,612.150024,337.5495,3740.947998,1201.299927,7034.5,480.600006
3/10/2014,21934.83008,2143.5,395.899994,596,335.549988,3672.751953,1193.799927,7134,484.549988
3/11/2014,21826.41992,2150.050049,398.100006,580.349976,333.75,3672.751953,1198.449951,7092.25,480.299988
3/12/2014,21856.2207,2178.75,388.75,604,340.699493,3670.899902,1210.75,6990.25,493.700012
3/13/2014,21774.60938,2153.449951,388,573.599976,343.349976,3357.5,1218.25,6904,493.049988
3/14/2014,21809.80078,2141.149902,393.299988,581.75,346.999481,3389.447998,1213.75,6780,495.850006
3/18/2014,21832.60938,2122.550049,381.399994,579.049988,355.900513,3349.248047,1204.800049,6743.25,501.549988
3/19/2014,21832.85938,2040.949951,384.549988,585,359.549988,3271.552002,1210.25,6930.75,512.599976
3/20/2014,21740.08984,2107.899902,380.100006,590.299988,355.900513,3303,1200.899902,6784.25,514.049988
3/21/2014,21753.75,2125.350098,389.149994,580.400024,357.649506,3305.248047,1199,6967,508.549988
3/22/2014,0,0,0,0,0,0,0,0,0
3/24/2014,22055.48047,2152.350098,391.100006,580.599976,360.649506,3274.052002,1242.400024,7054.5,522.5
3/25/2014,22055.21094,2145.699951,390.700012,579.299988,362.849976,3251.600098,1252.549927,7004,524.650024
3/26/2014,22095.30078,2098.350098,401.25,566.400024,358.999481,3244.647949,1256.900024,7151,527.950012
3/27/2014,22214.36914,2094.850098,396.850006,560.75,359.9505,3228.5,1259.5,7151,537.25
3/28/2014,22339.9707,2105.550049,396.450012,563.5,358.999481,3257.751953,1258.75,7305.75,537.849976
3/31/2014,22386.26953,2128.25,398.350006,573.349976,352.950012,3278.852051,1245.449951,7302.25,546.5
4/1/2014,22446.43945,2172.449951,403,573.349976,352.399506,3310.600098,1223.799927,7344,536.700012
4/2/2014,22551.49023,2171.649902,413.549988,575.400024,344.25,3320.199951,1242.549927,7330.25,523.75
4/3/2014,22509.07031,2166.699951,411.25,578.75,346.349976,3338.600098,1235.199951,7186.25,538.700012
4/4/2014,22359.5,2139.550049,405.100006,571.900024,345.100494,3315.5,1230.350098,7145.75,531.549988
4/7/2014,22343.44922,2150.399902,403.25,587.25,345.550507,3291.248047,1209.050049,7108.5,538.650024
4/9/2014,22702.33984,2134.899902,416.542999,627.799988,347.500519,3253.100098,1259.550049,1484.849976,545.549988
4/10/2014,22715.33008,2126.550049,430.799988,616.200012,343.650024,3206.600098,1246.150024,7509.75,541.299988
4/11/2014,22628.96094,2163.699951,423.25,627.75,343.849487,3235.852051,1235.5,7477,541.950012
4/15/2014,22484.92969,2251.550049,412.350006,616.299988,340.999481,3260.447998,1218.050049,7228.75,534.799988
4/16/2014,22277.23047,2195,411.200012,614.599976,345.900024,3156.399902,1222.300049,7158.25,534.549988
4/17/2014,22628.83984,2217.449951,428.649994,624.299988,353.2005,3189.899902,1262,7323.25,543.599976
4/21/2014,22764.83008,2220.5,431.950012,621.549988,352.999481,3181.248047,1281.550049,7511.25,539.650024
4/22/2014,22758.36914,2220.300049,429.049988,619.349976,350.700012,3149.899902,1287.899902,7500.25,536.349976
4/23/2014,22876.53906,2214.949951,425.450012,626.099976,353.350494,3172.751953,1299.050049,7588.5,529.599976
4/24/2014,0,2214.949951,425.450012,626.099976,353.350494,3172.751953,1299.050049,7588.5,529.599976
4/25/2014,22688.07031,2202.25,423.799988,622.799988,343.600494,3174.248047,1269.300049,7672.25,515
4/28/2014,22631.60938,2191.25,416.5,635.200012,342.0495,3178.147949,1273.849976,7650,501
4/29/2014,22466.18945,2193.5,409.149994,639.349976,340.349976,3178.600098,1262.050049,7640.5,498.299988
4/30/2014,22417.80078,2189.399902,414.450012,631.549988,340.750519,3177.199951,1244.800049,7596,505.149994
5/2/2014,22403.89063,2208.850098,414.700012,630,340.150513,3219.800049,1251.800049,7652.25,509.600006
5/5/2014,22445.11914,2213.899902,414.25,626.299988,344.2995,3176.147949,1254.150024,7764.5,518.5
5/6/2014,22508.41992,2198.949951,418.299988,625.25,347.9505,3164.147949,1274.550049,7689.75,514.75
5/7/2014,22323.90039,2166.350098,416.5,631.450012,346.5495,3064.447998,1272.5,7704.5,506.350006
5/8/2014,22344.03906,2165.350098,422.149994,624.700012,341.899506,3062.947998,1289.400024,7778.75,504
5/9/2014,22994.23047,2161.199951,427.5,623.900024,345.499481,3105.399902,1374.849976,8157.5,520.75
5/12/2014,23551,2159.699951,445,613.099976,358.849487,3177.899902,1399.25,8231.5,536.299988
5/13/2014,23871.23047,2210.649902,440.799988,610.200012,361.049988,3265.5,1402.650024,8248.75,539.200012
5/14/2014,23815.11914,2214.75,442.399994,611.299988,365.650513,3246.899902,1409.649902,8192.75,556.950012
5/15/2014,23905.59961,2193.449951,439.299988,621.799988,367.900513,3270.399902,1393.099976,8318.25,529.700012
5/16/2014,24121.74023,2157.550049,449.799988,613.200012,357.550507,3177.852051,1464.799927,8784.25,536.400024
5/19/2014,24363.05078,2034.699951,444.350006,583.599976,338.050507,3022.751953,1471.099976,9274.25,528.299988
5/20/2014,24376.88086,2063.050049,439.75,587.299988,341.2995,3119.052002,1449.400024,9278.75,529.049988
5/21/2014,24298.01953,2079.949951,437.100006,577.150024,342.100494,3150.647949,1439.349976,9076.25,545.150024
5/22/2014,24374.40039,2109.300049,430.399994,580.099976,344.800507,3107.199951,1451.349976,9205.75,537.650024
5/23/2014,24693.34961,2127.399902,431.399994,584.700012,342.150024,3066.5,1460.75,9324.75,538.849976
5/26/2014,24716.88086,2153.649902,443.299988,591.900024,344.899506,3093.852051,1452.550049,9369,524.5
5/27/2014,24549.50977,2130.449951,436.450012,592.25,344.400024,3133.899902,1447.5,9242.75,522.200012
5/28/2014,24556.08984,2149.850098,428.850006,583.900024,343.049988,3172.199951,1456.150024,9306,512.099976
5/29/2014,24234.15039,2159.100098,423.799988,587.599976,342.550507,2924.300049,1437.850098,9327.75,506.75
5/30/2014,24217.33984,2144.199951,415.450012,607.400024,341.500519,2941.5,1418.399902,9180.75,509.450012
6/2/2014,24684.84961,2129.899902,421.100006,599.25,337.349976,2993.5,1462.400024,9511.75,509.899994
6/3/2014,24858.58984,2130.300049,420.450012,601.150024,333.450012,3015.399902,1458.25,9497.5,509.299988
6/4/2014,24805.83008,2089.399902,421.700012,597.75,330.949493,2993.699951,1469.199951,9623.25,509.100006
6/5/2014,25019.50977,2105.550049,434.799988,597.849976,333.400513,3037.947998,1460.949951,9734.5,510.75
6/6/2014,25396.46094,2084.050049,438.549988,599.349976,336.949493,2999.800049,1481.75,9870,506.350006
6/9/2014,25580.21094,2115.25,443.653015,601.25,338.650513,2985.699951,1486.600098,1966.199951,528.400024
6/10/2014,25583.68945,2157.100098,452.299988,608.75,337.349976,3067.199951,1481.25,9677.5,535.650024
6/11/2014,25473.89063,2205.25,445.600006,613.5,333.250519,3178.751953,1468.200073,9706.5,541.849976
6/12/2014,25576.21094,2232.100098,449.649994,630.700012,335.050507,3166.600098,1459.900024,9522.5,547.900024
6/13/2014,25228.16992,2214.699951,437.799988,627.900024,333.7005,3181.647949,1429.550049,9095.5,540.450012
6/16/2014,25190.48047,2268.550049,430.899994,643.549988,336,3242.199951,1415.650024,8861.25,539.650024
6/17/2014,25521.18945,2278.149902,440.649994,647.900024,336.299988,3247.248047,1449.100098,9197.25,559.700012
6/18/2014,25246.25,2225.449951,433.850006,635.049988,333.0495,3244.552002,1420.399902,9236,556.099976
6/19/2014,25201.80078,2275.100098,438.450012,641.950012,336.299988,3312.399902,1411.5,9213.75,567.599976
6/20/2014,25105.50977,2286.5,436.850006,631.150024,335.899506,3315.600098,1398.800049,9338.25,566.650024
6/23/2014,25031.32031,2264.75,435.549988,633,314.050507,3231.052002,1413.25,9416.75,572.599976
6/24/2014,25368.90039,2304.300049,442.149994,627.599976,320.400024,3210.300049,1438.599976,9623.25,578.5
6/25/2014,25313.74023,2309.899902,443.399994,632.650024,316.049988,3212.800049,1419.849976,9569.25,585.849976
6/26/2014,25062.66992,2309.399902,437.950012,635.400024,316.249481,3189.399902,1403.300049,9632,584.950012
6/27/2014,25099.91992,2398.399902,432.25,660.650024,319.849487,3221.947998,1384.799927,9553.5,583.549988
6/30/2014,25413.7793,2419.449951,431.149994,686.25,324.900024,3246.447998,1418.449951,9607,592.700012
7/1/2014,25516.34961,2390.399902,450.950012,679.400024,325.150513,3221.751953,1437.700073,9601.5,583.599976
7/2/2014,25841.21094,2397.050049,455,693.950012,328.999481,3218.5,1452.25,9633.75,584.75
7/3/2014,25823.75,2417.75,468.799988,706.349976,331.249481,3210.751953,1451.699951,9624.5,580.849976
7/4/2014,25962.06055,2409.800049,468.450012,708.549988,333.299988,3239.147949,1462.449951,9672.5,588.200012
7/7/2014,26100.08008,2483.5,478.75,719.849976,334.600494,3343.751953,1450.949951,9612.25,592.950012
7/8/2014,25582.10938,2449.699951,468.399994,724.799988,335.800507,3333.800049,1412.5,9441.5,590.5
7/9/2014,25444.81055,2397.300049,456.899994,721.5,341.400024,3304.300049,1403.200073,9372.25,592.150024
7/10/2014,25372.75,2347.899902,452.850006,724.950012,342.499481,3292.899902,1390.850098,9299.25,585.900024
7/11/2014,25024.34961,2398,445.5,741.450012,346.049988,3325.800049,1355.599976,9080.5,569
7/14/2014,25006.98047,2424.699951,456.25,737.650024,345.100494,3227,1344.299927,9233.5,589.450012
7/15/2014,25228.65039,2400.199951,463.049988,738.700012,342.400513,3225.447998,1393.549927,9487.5,582.950012
7/16/2014,25549.7207,2401.350098,470.350006,743.650024,343.799988,3229.399902,1459.050049,9826.25,579.799988
7/17/2014,25561.16016,2381.100098,474.899994,741.299988,344.2995,3243.300049,1448.699951,9774.75,579.950012
7/18/2014,25641.56055,2442.649902,475.200012,741.25,344.149506,3253.199951,1477.199951,9980.25,581.400024
7/21/2014,25715.16992,2464.300049,474.350006,743.900024,349.049988,3206.447998,1482.599976,10115.75,593.900024
7/22/2014,26025.80078,2531.050049,485.399994,749.549988,351.850494,3235.100098,1483.200073,10088,602.75
7/23/2014,26147.33008,2586.899902,478.678009,745.200012,352.399506,3347,1505.800049,2001.150024,601.549988
7/24/2014,26271.84961,2594.550049,485.600006,747.700012,356.25,3378.248047,1505.25,9983.25,618.400024
7/25/2014,26126.75,2604.949951,461.899994,779.299988,357.100494,3352.352051,1475.899902,9929.25,637
7/28/2014,25991.23047,2588.699951,453.149994,789.700012,356.700012,3366.399902,1451.5,0,634.5
7/30/2014,26087.41992,2593.449951,451.350006,790.450012,358.699493,3368.052002,1489.550049,0,642.25
7/31/2014,25894.9707,2577.300049,446.899994,790.700012,356.2005,3365.699951,1473,0,629.150024
8/1/2014,25480.83984,2516.449951,439.5,768.900024,349.750519,3340.352051,1476.400024,0,625.200012
8/4/2014,25723.16016,2526.949951,446.799988,761.349976,354.250519,3462.600098,1491.349976,0,629.950012
8/5/2014,25908.00977,2522.550049,456.649994,772.700012,355.750519,3504.248047,1485.5,0,633
8/6/2014,25665.26953,2509.399902,447.350006,761.150024,346.399506,3574.699951,1446.849976,0,639.900024
8/7/2014,25589.00977,2470.199951,442.149994,759.099976,345.949493,3514.552002,1445.200073,0,632.299988
8/8/2014,25329.14063,2476,433,759.299988,348.450012,3480.352051,1437.349976,0,618.5
8/11/2014,25519.24023,2468.75,447.399994,763.349976,347.500519,3573.248047,1440,0,613.950012
8/12/2014,25880.76953,2473.699951,473.899994,783.900024,346.999481,3576.399902,1463.800049,0,614.299988
8/13/2014,25918.94922,2494.899902,472.649994,800.25,356.449493,3599.100098,1452,0,615.349976
8/14/2014,26103.23047,2496.550049,484.600006,814.049988,356.749481,3603.751953,1477.599976,0,617.450012
8/18/2014,26390.96094,2486.449951,503.899994,814.799988,350.749481,3558.447998,1529.849976,0,620.299988
8/19/2014,26420.66992,2438.350098,518.75,809.5,348.900024,3551.100098,1543.049927,0,615.349976
8/20/2014,26314.28906,2436.449951,506.233002,847.099976,345,3552.5,1542.5,0,612.25
8/21/2014,26360.10938,2431.949951,512.599976,857.950012,345.75,3542.947998,1544.299927,0,613.25
8/22/2014,26419.55078,2461.649902,511.5,856.799988,343.699493,3601.248047,1537.700073,0,610.349976
8/25/2014,26437.01953,2521.149902,508.299988,853.349976,349.349976,3621.5,1514.349976,0,605.049988
8/26/2014,26442.81055,2533.449951,512.900024,864.849976,351.900024,3620.600098,1510.050049,0,608
8/27/2014,26560.15039,2545.350098,521.599976,861.799988,352.349976,3632.751953,1540.949951,0,616.950012
8/28/2014,26638.10938,2524.600098,524.400024,854.549988,355.150513,3594,1556.550049,0,624.150024
9/1/2014,26867.55078,2537.25,519.849976,842.099976,350.2995,3603.399902,1598.849976,0,629.599976
9/2/2014,27019.39063,2539.100098,516.400024,863.150024,354.7995,3611.552002,1590.899902,0,624.25
9/3/2014,27139.93945,2601.300049,522.650024,863.200012,348.949493,3734.600098,1579.25,0,626.049988
9/4/2014,27085.92969,2584.149902,512.849976,864.650024,350.549988,3708.052002,1571.25,0,631.349976
9/5/2014,27026.69922,2597,506.350006,857.799988,350.2995,3730.300049,1548.350098,0,646.950012
9/8/2014,27319.84961,2636.050049,510.5,866.049988,353.549988,3778.352051,1568.200073,0,674.299988
9/9/2014,27265.32031,2630.300049,517.25,860.150024,357.649506,3736.800049,1547.700073,0,665.049988
9/10/2014,27057.41016,2603.25,516.299988,859.650024,351.0495,3668.100098,1571.400024,0,653.799988
9/11/2014,26995.86914,2596.100098,514.099976,822.799988,350.9505,3683.647949,1565.899902,0,656.5
9/12/2014,27061.03906,2605.850098,516.5,805.900024,355.849487,3672.352051,1564.949951,0,670.549988
9/15/2014,26816.56055,2558.75,512.25,795.450012,351.649506,3642.947998,1551.900024,0,660.900024
9/16/2014,26492.50977,2554.899902,499.600006,797.900024,353.149506,3656.552002,1526.300049,0,648.349976
9/17/2014,26631.28906,2588.449951,506.850006,792.299988,354.75,3740.399902,1529.100098,0,645.900024
9/18/2014,27112.21094,2636.649902,525.599976,805.200012,358.600494,3699.899902,1565.350098,0,660.099976
9/19/2014,27090.41992,2708.050049,519,806.849976,359.449493,3701.447998,1570.449951,0,668.299988
9/22/2014,27206.74023,2720.600098,539.400024,797.349976,370.650024,3650.947998,1577.299927,0,652.799988
9/23/2014,26775.68945,2688.899902,517.799988,780.25,370.900513,3612.800049,1538.449951,0,635.299988
9/24/2014,26744.68945,2643.449951,512.950012,780.349976,376.750519,3649.399902,1516.600098,0,639.900024
9/25/2014,26468.35938,2707.649902,503.549988,773.799988,376.349976,3693.647949,1466.849976,0,620.950012
9/26/2014,26626.32031,2682.850098,511.450012,807.099976,371.749481,3681.199951,1478.049927,0,628.700012
9/29/2014,26597.10938,2768,510.75,834.200012,366.400513,3751.100098,1457.449951,0,626.150024
9/30/2014,26630.50977,2738.199951,502.75,857.299988,370.750519,3747.647949,1435.25,0,629.400024
10/1/2014,26567.99023,2775.699951,502.75,860.450012,364.049988,3847.199951,1428.449951,0,631.599976
10/7/2014,26271.9707,2733.199951,504.899994,836.849976,362.800507,3830.300049,1430.099976,0,629.299988
10/8/2014,26246.78906,2681.350098,504.601013,800.75,365.9505,3650.199951,1449.649902,0,635.900024
10/9/2014,26637.2793,2706.100098,519.950012,814.400024,365.25,3645.552002,1487.899902,0,655.099976
10/10/2014,26297.38086,2679.149902,492.350006,818.799988,353.149506,3888.947998,1460,0,663.450012
10/13/2014,26384.07031,2720.350098,496.350006,803.549988,350.599487,3943.447998,1476.550049,0,656.400024
10/14/2014,26349.33008,2699.699951,488.200012,804.299988,347.549988,3918.647949,1476.699951,0,646.450012
10/15/2014,0,2699.699951,488.200012,804.299988,347.549988,3918.647949,1476.699951,0,646.450012
10/16/2014,25999.33984,2678.850098,483.799988,796.849976,352.699493,3865.600098,1463.699951,0,627.099976
10/17/2014,26108.5293,2444.899902,475.75,797.849976,353.899506,3853.852051,1505.599976,0,639.200012
10/20/2014,26429.84961,2423.350098,494.5,802.599976,352.099487,3812,1537,0,647.25
10/21/2014,26575.65039,2433.449951,501.700012,796.950012,351.450012,3774.199951,1577.599976,0,644.799988
10/22/2014,26787.23047,2452.399902,519.450012,806.900024,349.150513,3794.699951,1570.850098,0,641.75
10/27/2014,26752.90039,2458.300049,503.649994,804.549988,349.200012,3803.052002,1572.400024,423.850006,650.400024
10/28/2014,26880.82031,2478.199951,508.600006,839.25,350.350494,3794.052002,1601.199951,0,646.25
10/29/2014,27098.16992,2502.649902,525.950012,829.950012,354.400513,3879.248047,1603.900024,0,646.099976
10/30/2014,27346.33008,2557.899902,526.400024,829.099976,354.850494,3946.147949,1611.5,0,644.349976
10/31/2014,27865.83008,2604.550049,535.650024,845.549988,355.249481,4051.439941,1625.449951,0,656.150024
11/3/2014,27860.38086,2589.300049,531.150024,851.75,354.949493,4084.47998,1642.050049,0,653.650024
11/5/2014,27915.88086,2600.850098,534.75,869.650024,358.349976,4126,1672.299927,0,656.799988
11/7/2014,27868.63086,2573.5,533.75,891.650024,355.650024,4168.720215,1685.599976,0,646.099976
11/10/2014,27874.73047,2567.5,521.700012,910.299988,370.849487,4170.200195,1667,0,647.700012
11/11/2014,27910.06055,2577.550049,521.700012,915.650024,363.75,4124.560059,1684.050049,0,649.5
11/12/2014,28008.90039,2591.75,530.599976,906.25,369.400513,4108.439941,1706.400024,0,644.299988
11/13/2014,27940.64063,2588.050049,526.25,908.599976,368.25,4181.120117,1692.299927,0,644.299988
11/14/2014,28046.66016,2606,523.799988,886.5,368.2005,4188.359863,1695.200073,0,671.75
11/17/2014,28177.88086,2618.5,545.099976,882.450012,369.550507,4208.799805,1673.650024,0,691.75
11/18/2014,28163.28906,2587.550049,541.299988,865.349976,369.199493,4176.879883,1681,0,700.75
11/19/2014,28032.84961,2577.649902,528.900024,850,367.750519,4179.759766,1682.149902,0,683.450012
11/20/2014,28067.56055,2605.449951,524.650024,851.099976,369.150024,4221.720215,1689.100098,0,689.5
11/21/2014,28334.63086,2616.300049,530.450012,842.349976,376.249481,4146.120117,1734,0,690.650024
11/24/2014,28499.53906,2652.199951,526.599976,837,374.400024,4273.879883,1772.949951,0,689.75
11/25/2014,28338.05078,2634.75,520.75,840.25,355.699493,4303.160156,1737.100098,0,691.849976
11/26/2014,28386.18945,2628.75,519.75,838.599976,363.299988,4297.640137,1711.950073,0,703.75
11/27/2014,28438.91016,2649.149902,518.549988,841.950012,360.75,4366.879883,1722.299927,0,706.400024
11/28/2014,28693.99023,2643.100098,532.950012,839.549988,363,4359.240234,1754.600098,0,743.700012
12/1/2014,28559.61914,2693.149902,536.150024,835.25,364.000519,4350.759766,1757.550049,0,796.75
12/2/2014,28444.00977,2656.050049,529,840.900024,365.2995,2127.939941,1770.549927,0,769.950012
12/3/2014,28442.71094,2635.050049,528.5,842.150024,363,2122.600098,1793.099976,0,789.099976
12/4/2014,28562.82031,2636.649902,527.900024,839.75,382.750519,2102.300049,361.850006,0,790.25
12/5/2014,28458.09961,2578.449951,524.799988,821.299988,391.4505,2069.699951,359.450012,0,785.299988
12/8/2014,28119.40039,2513.699951,515.799988,828.799988,397.849487,1968.599976,354.649994,0,793.75
12/9/2014,27797.00977,2517.449951,503.100006,840.900024,394.249512,1964.800049,350.399994,0,782.049988
12/10/2014,27831.09961,2510.399902,510.799988,833.200012,394.900513,1963.699951,352.5,0,775.900024
12/11/2014,27602.00977,2492.550049,504,835.450012,396.7005,1920.800049,347.899994,0,767.599976
12/12/2014,27350.67969,2455.699951,500,842,395.650513,1939.150024,346.600006,0,775.049988
12/15/2014,27319.56055,2362.800049,493.799988,844,392.849976,1924.300049,345.5,0,767.549988
12/16/2014,26781.43945,2443.149902,481.850006,829.900024,380.500519,1937.650024,330.649994,0,759.25
12/17/2014,26710.13086,2444.300049,475.799988,811.75,371.650513,1940.449951,332.5,0,731.349976
12/18/2014,27126.57031,2459.050049,485.049988,812.75,374.650513,1966.300049,345.200012,0,745.349976
12/19/2014,27371.83984,2508.949951,486,809.25,369.499481,2001.900024,355.399994,0,734.349976
12/22/2014,27701.78906,2513,494.299988,814.700012,374.500519,1997,358.850006,0,744.950012
12/23/2014,27506.46094,2517.050049,487.899994,813.049988,374.849976,1971.099976,353.049988,0,738.5
12/24/2014,27208.60938,2481.149902,485.450012,804.700012,371.9505,1934.050049,353.149994,0,729.700012
12/26/2014,0,2505.5,485.049988,811.200012,367.699493,1950.349976,351,0,726.75
12/29/2014,0,2524.699951,494.950012,820.25,369.900024,1959.800049,349.399994,0,757.299988
12/30/2014,27403.53906,2531.300049,493.899994,820.549988,368.700012,1966.400024,350.799988,0,750.049988
12/31/2014,27499.41992,2554.699951,496.100006,826.150024,368.400024,1971.199951,353,0,751.75
1/1/2015,0,2548.199951,498.25,824.400024,367.049988,1975.800049,352.700012,0,750.349976
1/2/2015,27887.90039,2570.850098,511.700012,825.900024,368.25,2013.439941,362.600006,0,775.25
1/5/2015,27842.32031,2537.899902,524.099976,827.150024,369.7995,1996.599976,363.100006,0,774.900024
1/6/2015,26987.46094,2446.550049,495.795013,807.799988,360.599976,1956.849976,347.850006,499.299988,757.25
1/7/2015,26908.82031,2416.800049,494,810,353.549988,1964.800049,338.700012,0,772.299988
1/8/2015,27274.71094,2443.850098,512.200012,817.400024,362.449493,1974.550049,347.25,0,819.5
1/9/2015,27458.38086,2512.199951,521.849976,829.599976,356.700012,2073.600098,342.100006,0,812.900024
1/12/2015,27585.26953,2512.050049,522.400024,836,357.949493,2114.76001,346.450012,0,807.349976
1/13/2015,27425.73047,2498.300049,519.549988,832.950012,360.250519,2087.23999,341,0,833.099976
1/14/2015,27346.82031,2518.149902,520.349976,820.75,348.400513,2128.800049,337.149994,0,842.650024
1/15/2015,28075.55078,2545,532.450012,826.950012,358.000519,2133.939941,352.649994,0,839.25
1/16/2015,28121.89063,2531.899902,525.599976,850.75,359.2995,2114.139893,353.899994,0,843.5
1/19/2015,28262.00977,2509.75,538.75,862.049988,358.399506,2102.399902,360.75,0,831.650024
1/20/2015,28784.66992,2499.550049,559.099976,870,371.2005,2122.360107,366.899994,0,837.950012
1/21/2015,28888.85938,2511.350098,551.400024,886.049988,352.600494,2165.100098,368.399994,0,851.450012
1/22/2015,29006.01953,2512.75,566.299988,918.349976,350.350494,2195.699951,369.25,0,867.700012
1/23/2015,29278.83984,2501.699951,587.900024,923.75,349.249481,2214.060059,370.450012,0,861.900024
1/27/2015,29571.03906,2502.800049,605.099976,913.849976,359.749481,2136,383.700012,0,890.150024
1/28/2015,29559.17969,2534.699951,589.150024,909.299988,362.400024,2145.100098,383.850006,0,910.299988
1/29/2015,29681.76953,2541.350098,597.5,919.200012,369.7005,2142.899902,379.950012,0,881.049988
1/30/2015,29182.94922,2481,584.950012,915.950012,368.599487,2142.76001,361.149994,0,857.450012
2/2/2015,29122.26953,2512.800049,592.299988,928.799988,360.599976,2134.360107,351.75,0,808.150024
2/3/2015,29000.14063,2554.800049,602.049988,940.700012,366.150024,2120.360107,346.549988,0,814.849976
2/4/2015,28883.10938,2514,591.849976,959.049988,366.550507,2142.060059,344.25,0,804.299988
2/5/2015,28850.9707,2551.899902,589.549988,957.099976,368.650513,2193.600098,335.75,0,810.599976
2/6/2015,28717.91016,2576,559.75,928.599976,373.5,2229.360107,329.950012,0,797
2/9/2015,28227.39063,2515.149902,542.599976,941.349976,367.849487,2250.199951,320.350006,0,804.150024
2/10/2015,28355.61914,2442.949951,564.349976,919.400024,369.900024,2280.300049,331.049988,0,821.700012
2/11/2015,28533.9707,2460.149902,559.25,926.25,371.350494,2287.199951,334.700012,0,841.200012
2/12/2015,28805.09961,2462.800049,562.599976,923.049988,370.600494,2315.439941,339.350006,0,825.75
2/13/2015,29094.92969,2538.649902,565.650024,939.349976,378.0495,2296.399902,343.850006,0,828.049988
2/16/2015,29135.88086,2585.25,567.874023,914.5,389.550018,2278.5,338.149994,0,833.25
2/18/2015,29320.25977,2633.899902,583.099976,917.200012,392.500488,2295.76001,342.299988,0,822.799988
2/19/2015,29462.26953,2679.699951,576.700012,917.5,389.099976,2326.600098,338.600006,0,833.5
2/20/2015,29231.41016,2674.850098,578.799988,914.75,395.899536,2284.300049,331.149994,0,824.849976
2/23/2015,28975.10938,2695.050049,573.950012,908.700012,390.150024,2270.699951,328.950012,0,809.5
2/24/2015,29004.66016,2707.149902,565.049988,909.549988,395.849976,2278.139893,325.850006,0,799.75
2/25/2015,29007.99023,2671.300049,567.349976,891.349976,399.550507,2318.060059,322.200012,0,812.5
2/26/2015,28746.65039,2656.350098,560.200012,865.950012,395.650513,2259.5,321.350006,0,792.700012
2/27/2015,29220.11914,2663.75,575.5,879.200012,393.7995,2266.360107,335,0,807
2/28/2015,0,0,0,0,0,0,0,0,0
3/2/2015,29459.14063,2670.149902,584.150024,923.849976,343.300507,2291.439941,348.850006,0,824.900024
3/3/2015,29593.73047,2774.699951,574.599976,942.400024,341.350494,2297.360107,348.399994,0,838.25
3/4/2015,29380.73047,2743.399902,573.849976,1004.799988,344.400024,2272.600098,348.5,0,837.099976
3/5/2015,29448.94922,2696.350098,570.650024,1037.349976,345.949493,2251.699951,347.75,0,833.650024
3/9/2015,28844.7793,2643.149902,564.25,1041.650024,338.2995,2190.560059,332.700012,0,814.150024
3/10/2015,28709.86914,2642.800049,560.150024,1025.199951,338.650513,2200.100098,333.799988,0,809.099976
3/11/2015,28659.16992,2609.350098,551.099976,1010.700012,338.2995,2183.600098,332.850006,0,810.75
3/12/2015,28930.41016,2619,564.049988,1035.599976,346.249481,2217.800049,338.100006,0,809.75
3/13/2015,28503.30078,2581.050049,557.049988,1012.150024,339.100494,2216.439941,330.25,0,808.400024
3/16/2015,28437.71094,2565.350098,557.799988,1028.199951,335.500519,2267,331.399994,0,830.099976
3/17/2015,28736.38086,2580.899902,571.549988,1039.699951,339.949493,2241.939941,334.299988,0,829.849976
3/18/2015,28622.11914,2560.699951,560.099976,1044.699951,336.599976,2230.199951,334.649994,0,814.349976
3/19/2015,28469.66992,2594.399902,553.299988,1045.849976,333.0495,2229.899902,330.200012,0,834.950012
3/20/2015,28261.08008,2609.649902,547.599976,1027.099976,327.599976,2258.939941,319.100006,0,810.299988
3/23/2015,28192.01953,2610.550049,550.900024,1024,327,2232.399902,314.149994,0,811.349976
3/24/2015,28161.7207,2593.550049,0,1039.849976,326.400024,2212.100098,312.049988,0,0
3/25/2015,28111.83008,2573.100098,0,1053.300049,326.400024,2217.699951,316.75,0,0
3/26/2015,27457.58008,2513.350098,0,1028.150024,322.650024,2144.439941,307.549988,0,0
3/27/2015,27458.64063,2516.199951,0,1010.650024,317.099976,2201.939941,314.399994,0,0
3/30/2015,27975.85938,2557.25,0,1010.700012,327.900024,2229.800049,318.350006,0,0
3/31/2015,27957.49023,2547.050049,0,1022.25,325.4505,2216.600098,315.299988,0,0
4/1/2015,28260.14063,2543.399902,0,1078.550049,332.2995,2172.23999,322.899994,0,0
4/6/2015,28504.46094,2546,0,1168.5,340.950012,2177.199951,321.299988,568.5,0
4/7/2015,28516.58984,2586.100098,0,1151.949951,340.950012,2161.23999,317.450012,0,0
4/8/2015,28707.75,2644.350098,0,1150.199951,346.249481,2200.800049,315.399994,0,0
4/9/2015,28885.21094,2661.149902,0,1113.300049,346.200012,2211.399902,320.600006,0,0
4/10/2015,28879.38086,2651.949951,0,1118.449951,346.049988,2233.300049,318.25,0,0
4/13/2015,29044.43945,2650.25,0,1148.550049,349.950012,2239,316.899994,0,0
4/15/2015,28799.68945,2624.699951,0,1118.599976,354.250519,2213.199951,315.299988,0,0
4/16/2015,28666.03906,2585.199951,0,1089.550049,349.950012,2191.100098,312.25,0,0
4/17/2015,28442.09961,2476.199951,535.200012,1037.300049,351.75,2181.939941,310.100006,0,0
4/20/2015,27886.21094,2430.649902,0,1044.099976,342,2133.23999,311.049988,0,0
4/21/2015,27676.03906,2426.850098,527.099976,951.599976,341.849976,2144.399902,310.850006,0,795.150024
4/22/2015,27890.13086,2447.899902,523.299988,967.150024,343.699493,2138.439941,312.950012,0,0
4/23/2015,27735.01953,2456.850098,511.600006,942.450012,342.250519,2122.560059,311.799988,0,0
4/24/2015,27437.93945,2496.899902,0,947.799988,347.149506,1996.25,308.100006,0,0
4/27/2015,27176.99023,2500.300049,0,926.75,344.099976,1986,302.399994,0,0
4/28/2015,27396.38086,2494.550049,0,924.349976,337.5,1961.349976,326.649994,0,0
4/29/2015,27225.92969,2485.649902,0,939.25,328.200012,1961.599976,330.149994,0,0
4/30/2015,27011.31055,2466.649902,0,939.400024,322.249481,1942.400024,331.25,0,0
5/4/2015,27490.58984,2479.100098,0,946.349976,329.350494,1994.300049,329.149994,0,0
5/5/2015,27440.14063,2519.25,0,958.299988,325.900513,1966.75,328.350006,565.599976,0
5/6/2015,26717.36914,2462.850098,0,936.400024,317.800507,1922.5,312.100006,0,0
5/7/2015,26599.10938,2543.300049,0,927.349976,322.699493,1942.800049,304.5,0,0
5/8/2015,27105.39063,2530.699951,0,940.200012,328.049988,1958,316.950012,0,0
5/11/2015,27507.30078,2555.800049,0,962.900024,326.2995,1992,323.399994,0,0
5/12/2015,26877.48047,2521.199951,0,949.599976,323.549988,1949.599976,308.549988,0,0
5/13/2015,27251.09961,2519.949951,0,955.400024,327.400513,1955.949951,317.450012,0,0
5/14/2015,27206.06055,2499.949951,0,944.700012,324.949493,1934.550049,315.100006,0,0
5/15/2015,27324,2509.649902,0,946.450012,326.099976,1959.75,312.700012,0,0
5/18/2015,27687.30078,2519.350098,0,957.450012,332.099976,1991.75,316.100006,567.5,0
5/19/2015,27645.5293,0,0,956.299988,332.099976,2018.160034,315.200012,0,0
5/20/2015,27837.21094,0,0,0,332.449493,2044.699951,318.75,0,0
5/21/2015,27809.34961,2557.649902,0,980.799988,327.349487,2043.339966,313.399994,0,0
5/22/2015,27957.5,0,514.549988,0,328.4505,2041.800049,313.399994,0,775.599976
5/25/2015,27643.88086,2601.399902,0,0,317.650513,2018,312.149994,0,0
5/26/2015,27531.41016,2606.350098,497.100006,994.25,314.2995,2009.300049,309.950012,0,763.75
5/27/2015,27564.66016,2616.550049,471.649994,974.650024,317.749481,1969.050049,313.350006,577.849976,759.349976
5/28/2015,27506.71094,2609.949951,483.549988,955.75,320.899506,2014.300049,314.549988,575.200012,767.299988
5/29/2015,27828.43945,2610.600098,481.600006,965.75,326.749481,2022.400024,317.299988,0,787
6/1/2015,27848.99023,0,472.149994,0,331.999481,2045.699951,316.350006,0,0
6/2/2015,27188.38086,2600.449951,467.200012,860.299988,318.900024,2008.800049,304.649994,0,759.299988
6/3/2015,26837.19922,2610.75,457.25,842.450012,304.249481,2023.099976,296,0,761.549988
6/4/2015,26813.41992,2606.199951,452.149994,832.150024,301.650024,2028.060059,290.850006,0,759.549988
6/5/2015,26768.49023,2572.350098,442.600006,848.549988,304.799988,2012.099976,284.5,548.349976,759.5
6/8/2015,26523.08984,2578.649902,435.700012,829.799988,303.499481,2000.23999,283.25,553.400024,747.200012
6/9/2015,26481.25,2558.100098,440.299988,812.75,300.450012,1992.550049,287.100006,558.349976,736.200012
6/10/2015,26840.5,2602.050049,446.450012,823.450012,301.049988,2026.199951,292.399994,564.349976,739.650024
6/11/2015,26370.98047,2571,430.350006,820.549988,296.800507,2001.839966,288.549988,546.849976,710.599976
6/12/2015,26425.30078,2512.050049,421.600006,813.75,296.899506,1976.650024,295.850006,551.349976,706.599976
6/15/2015,26586.55078,2511.800049,426.200012,837.75,298.000519,991.099976,299.100006,0,699.549988
6/16/2015,26686.50977,0,0,0,298.699493,999.450012,301.899994,0,0
6/17/2015,26832.66016,0,0,0,300.850494,995.799988,301.100006,0,0
6/18/2015,27115.83008,0,445.450012,854.549988,301.249481,1000.900024,303.25,0,0
6/19/2015,27316.16992,0,432.899994,0,305.149506,996.75,304.600006,0,739.849976
6/22/2015,27730.21094,0,440.149994,0,310.300507,1024.400024,315.149994,0,746.599976
6/23/2015,27804.36914,2577.699951,436.149994,857.599976,314.549988,1001.150024,313.850006,571.650024,756.049988
6/24/2015,27729.66992,2568.399902,432.25,870.799988,313.5495,995.099976,317.399994,570.700012,753.900024
6/25/2015,27895.9707,2551.75,434.399994,866.450012,312.599976,991.150024,315.5,570.099976,749.950012
6/26/2015,27811.83984,2594.050049,437.899994,867.25,308.500519,1006.099976,311.25,565.599976,750.75
6/29/2015,27645.15039,2593.550049,428.850006,849.650024,310.150513,990.25,311.350006,561.75,736.5
6/30/2015,27780.83008,2552.199951,434.549988,874.200012,315.0495,985.349976,308,558.650024,754.450012
7/1/2015,28020.86914,2591.800049,444.799988,873,313.750519,997.700012,312.149994,578.75,760
7/2/2015,27945.80078,2580.850098,436.600006,870.5,314.899506,988.150024,312.950012,582.349976,763.150024
7/3/2015,28092.78906,2604.800049,433.350006,871,315.499481,989.950012,314.350006,585.900024,772.150024
7/6/2015,28208.75977,2632.800049,432,878.950012,318.250519,983.5,315.25,583.900024,783.400024
7/7/2015,28171.68945,2619.050049,431.799988,884.450012,317.050507,982.049988,312.600006,585.799988,824.75
7/8/2015,27687.7207,2594.050049,405.149994,870.75,313.000519,957.200012,307.700012,577.049988,800.900024
7/9/2015,27573.66016,2521.399902,398.149994,872.299988,310.999481,937.700012,309.149994,571.799988,799
7/10/2015,27661.40039,2471.899902,401.950012,901.400024,309.949493,937,313.100006,578.200012,794.950012
7/13/2015,27961.18945,2508.600098,402.25,915.599976,314.549988,950.049988,316.049988,581.950012,816.849976
7/14/2015,27932.90039,2499.5,385.75,918.799988,311.849976,970.099976,313.75,583.599976,822.450012
7/15/2015,28198.28906,2546.25,394.299988,930,313.999481,982.650024,314.649994,584.549988,837.25
7/16/2015,28446.11914,2538.149902,395.100006,939.25,317.899506,987.799988,317.25,608.75,846.25
7/17/2015,28463.31055,2559.350098,398.75,946.349976,321.7995,1002,317.399994,602.299988,825.450012
7/20/2015,28420.11914,2579.550049,391.200012,946.799988,321.0495,1001.900024,315.850006,600.25,851.900024
7/21/2015,28182.14063,2562.850098,389.75,805.299988,313.699493,1112.650024,311.399994,585,816.650024
7/22/2015,28504.92969,2528.100098,389.25,832.25,314.899506,1102.599976,317,589.75,843.150024
7/23/2015,28370.83984,2487.949951,401.350006,827.549988,315.150024,1098.849976,312.899994,583.849976,846.049988
7/24/2015,28112.31055,2503.75,391.149994,835.75,314.2995,1089.349976,300.5,580.950012,847.25
7/27/2015,27561.38086,2496.899902,377.600006,823.900024,311.500519,1065,291.200012,555.75,851.25
7/28/2015,27459.23047,2501.5,370.450012,821.349976,310.600494,1063.5,285.049988,561,835.049988
7/29/2015,27563.42969,2508.100098,376.25,829.950012,303.949493,1085.199951,289.200012,567.200012,846.549988
7/30/2015,27705.34961,2480.949951,377.799988,814.299988,315.7995,1069.099976,290.950012,565.950012,857.25
7/31/2015,28114.56055,2510,384.350006,822.75,326.2005,1078.050049,302.5,573.75,881.450012
8/3/2015,28187.06055,2507.949951,388.149994,830.549988,331.300507,1079.050049,312.799988,576.5,877.049988
8/4/2015,28071.92969,2509.300049,380.950012,830.049988,328.999481,1059.800049,314.100006,580.099976,904.75
8/5/2015,28223.08008,2541.649902,376.75,841.150024,331.699493,1086.550049,311.100006,580.400024,921.400024
8/6/2015,28298.13086,2574.300049,382.899994,846.5,326.050507,1089.449951,311.299988,583.799988,914.450012
8/7/2015,28236.39063,2551.699951,392.549988,851.5,324.649506,1095.599976,310.149994,579.900024,899.650024
8/10/2015,28101.7207,2570.800049,385.850006,841.549988,320.650513,1081.949951,309.75,576.75,900.950012
8/11/2015,27866.08984,2603.050049,369.799988,0,320.149506,1104.349976,302,570.950012,885.299988
8/12/2015,27512.25977,2671.399902,355.299988,866.25,316.900513,1141.75,291.75,558,871
8/13/2015,27549.5293,2637.399902,349.399994,879,316.4505,1156.849976,291.850006,566.599976,874.099976
8/14/2015,28067.31055,2693.649902,355.350006,898.900024,318.349487,1149,302.299988,570.950012,895.450012
8/17/2015,27878.26953,2684.75,355.950012,0,316.799988,1141.849976,302.950012,561.549988,900.049988
8/18/2015,27831.53906,2734.600098,349.700012,0,314.800507,1163.800049,300.950012,560.950012,901.25
8/19/2015,27931.64063,2731.399902,351.100006,927.25,316.650024,1175.050049,303.850006,554.599976,899.25
8/20/2015,27607.82031,2691.199951,342.100006,935.650024,328.999481,1138.199951,298.299988,534.200012,883.450012
8/21/2015,27366.07031,2675.100098,332.75,0,329.899506,1150.599976,296.100006,525.299988,886.549988
8/24/2015,25741.56055,2579.199951,309.700012,891.150024,320.25,1092.650024,269.850006,482.25,838.799988
8/25/2015,26032.38086,2567.350098,329.200012,892,320.849976,1086.5,283.5,502.399994,851.849976
8/26/2015,25714.66016,2576.75,336.799988,873,317.650513,1065.349976,278.450012,496,854.150024
8/27/2015,26231.18945,2577.600098,334.700012,903,325.900513,1084.099976,283.600006,509.100006,854.849976
8/28/2015,26392.38086,2570.649902,340.399994,884.950012,327.550507,1110.699951,283.549988,508.049988,856.299988
8/31/2015,26283.08984,2565.25,340.149994,897.700012,325.300507,1095.199951,278.100006,506.700012,848.599976
9/1/2015,25696.43945,2538.800049,329.600006,900.75,315.550507,1089.650024,271.649994,480.149994,816
9/2/2015,25453.56055,2593.199951,325.350006,890.349976,319.999481,1100.300049,265.25,466.850006,806.25
9/3/2015,25764.7793,0,333.350006,0,320.050507,1100.650024,266.850006,0,826.150024
9/4/2015,25201.90039,2549.449951,322.850006,858.549988,316.4505,1073.800049,257.850006,468.850006,812.5
9/7/2015,24893.81055,2539.5,323.600006,836.450012,313.249481,1059.599976,249.25,450.549988,789.5
9/8/2015,25317.86914,2542.100098,331.700012,845.349976,313.000519,1059.300049,261.100006,473.649994,792.700012
9/9/2015,25719.58008,2550.649902,344.899994,840,314.2005,1088.5,264.399994,485.950012,820.549988
9/10/2015,25622.16992,2542.350098,354.25,840.25,313.5,1080.349976,267.450012,483,807.75
9/11/2015,25610.21094,2545.5,345.549988,845.599976,313.049988,1090.699951,267.25,481.299988,814.5
9/14/2015,25856.69922,2550.75,346.75,857.150024,313.349976,1097.75,272.049988,496,838.950012
9/15/2015,25705.92969,2543.149902,333.950012,866.700012,316.750519,1098.400024,269,482.75,829.450012
9/16/2015,25963.9707,2551.149902,337.899994,887.349976,321.299988,1101.5,272.899994,494.100006,824.700012
9/18/2015,26218.91016,2554.149902,328.399994,905.099976,318.499481,1104.75,278.049988,517.299988,841.299988
9/21/2015,26192.98047,2550.699951,331.600006,899.75,314.2995,1104.650024,279.399994,527.900024,829.599976
9/22/2015,25651.83984,2526.350098,315.649994,900.950012,312.0495,1105.5,270.649994,509.049988,804
9/23/2015,25822.99023,2534.050049,310.200012,897,316.049988,1116.650024,273.899994,0,0
9/24/2015,25863.5,0,0,0,322.650024,1141.400024,268.549988,0,0
9/28/2015,25616.83984,2590.350098,285.25,860.799988,319.000519,1108.199951,268.549988,506.850006,797
9/29/2015,25778.66016,2590.199951,288.649994,850.400024,320.350494,1121.099976,268.850006,504,805.25
9/30/2015,26154.83008,2587.699951,298.450012,868.450012,328.900513,1160.449951,270.25,495.549988,841.099976
10/1/2015,26220.94922,0,297,0,328.799988,1173.25,267.350006,0,838.849976
10/5/2015,26785.55078,0,315.200012,0,329.050507,1180.5,280.450012,0,855
10/6/2015,26932.88086,2695.699951,333.5,909.700012,342.900024,1154.849976,282.75,506.649994,853.049988
10/7/2015,27035.84961,2655.100098,341.200012,926.099976,346.300507,1133.150024,282.899994,496.899994,865.700012
10/8/2015,26845.81055,2634.75,342.850006,915.549988,339.150024,1132.449951,278.450012,491.350006,875.049988
10/9/2015,27079.50977,2629.850098,355.899994,906.349976,343.249481,1167.849976,286.100006,490.350006,853.650024
10/12/2015,26904.10938,2592.399902,362.399994,892,340.699493,1122.5,287.700012,487.100006,859.049988
10/13/2015,26846.5293,2597.399902,360.950012,882.450012,344.050507,1098.650024,287.399994,490.850006,865.650024
10/14/2015,26779.66016,2483.399902,352.299988,883.900024,344.350494,1097.449951,282.850006,495.200012,862.599976
10/15/2015,27010.14063,2468.649902,380.700012,888.950012,349.650024,1097,286.149994,498.649994,869.349976
10/16/2015,27214.59961,2475.949951,386.200012,889.200012,348.850494,1093.75,290,504.850006,882.200012
10/19/2015,27364.91992,2486.850098,378.5,905.450012,350.899506,1112.199951,287.200012,506.700012,879.049988
10/20/2015,27306.83008,2526.699951,383,901.700012,347.899506,1125.349976,286.149994,508.700012,874.650024
10/21/2015,27287.66016,2525.5,381.200012,888.849976,348.499481,1137.599976,282.25,511.350006,855.950012
10/23/2015,27470.81055,2536.199951,382.950012,884.900024,358.300507,1148.550049,286.149994,525.700012,856.75
10/26/2015,27361.96094,2535.199951,384.600006,888.75,356.400024,1151.400024,285.200012,521.150024,816.950012
10/27/2015,27253.43945,2529.800049,383.149994,905.450012,355.799988,1148.449951,283.700012,521.299988,827.849976
10/28/2015,27039.75977,2524.649902,386,901,354.75,1151.349976,271.5,482.950012,827.349976
10/29/2015,26838.14063,0,0,0,349.750519,1142.699951,271.450012,0,0
10/30/2015,26656.83008,0,0,889,334.699493,1136.050049,277,0,828.700012
11/2/2015,26559.15039,2511.199951,387.200012,865.5,337.249481,1131.550049,279.299988,478.299988,830.599976
11/3/2015,26590.58984,2542.600098,382.049988,868.299988,334.650024,1143,279.149994,475.350006,815.5
11/4/2015,26552.91992,2529.449951,405.049988,852.349976,335.549988,1137.050049,273.399994,473.25,803.75
11/5/2015,26304.19922,2490.75,403.799988,815.849976,337.5495,1122.449951,270.149994,464.600006,806.549988
11/6/2015,26265.24023,2505.75,396.25,803.700012,336.900024,1138.050049,267.450012,464.850006,802.200012
11/9/2015,26121.40039,2475.050049,411.649994,756.900024,342.250519,1133.949951,262.899994,464.950012,815.400024
11/10/2015,25743.25977,2461.699951,408.350006,732.400024,336.550507,1106.400024,262.399994,468.5,798.25
11/13/2015,25610.5293,2397.300049,411.75,741.75,329.449493,1100.449951,261.700012,484.049988,798.25
11/16/2015,25760.09961,2374.899902,0,740.299988,338.2995,1080.199951,267.200012,481.600006,0
11/17/2015,25864.4707,2390.5,0,753.349976,348.150024,1061.099976,267.350006,475.25,0
11/18/2015,25482.51953,2351.899902,405.450012,753.950012,347.549988,1019.849976,260.25,463.600006,0
11/19/2015,25841.91992,2363.199951,407.149994,742.950012,352.049988,1047.300049,266.149994,463,822.900024
11/20/2015,25868.49023,0,402.850006,0,344.400024,1052.900024,264.799988,459.399994,826.849976
11/23/2015,25819.33984,0,401.850006,0,337.399506,1053.5,265.100006,0,850.75
11/24/2015,25775.74023,2370.100098,401.049988,707.900024,336,1041,263.450012,463.850006,856.5
11/26/2015,25958.63086,2345.149902,423.149994,735.950012,342.599976,1053.199951,264.399994,465.200012,861.700012
11/27/2015,26128.19922,2352.649902,417.549988,739.950012,343.950012,1066.300049,269.600006,470.899994,857.700012
11/30/2015,26145.66992,2365.25,423.350006,730.650024,343.200012,1088.449951,274.100006,468.850006,840.450012
12/1/2015,26169.41016,2362.149902,417.399994,730.400024,346.150513,1076.650024,273.600006,461.649994,843.849976
12/2/2015,26117.84961,2365.25,412.700012,733.25,349.950012,1060.199951,270.299988,459.200012,848.950012
12/3/2015,25886.61914,2350.850098,405.399994,726.900024,343.099487,1056,266,462.399994,842.650024
12/4/2015,25638.10938,2330.149902,399.899994,756.099976,335.599487,1047.800049,261.450012,460.399994,836.099976
12/7/2015,25530.10938,2324.100098,398.950012,777.349976,313.5495,1045.849976,263.200012,461.850006,870.900024
12/8/2015,25310.33008,2329.5,401.899994,771,315.199493,1044.949951,261.450012,458.549988,860.450012
12/9/2015,25036.05078,2365.699951,393.950012,758.799988,317.449493,1029.349976,259.5,450.899994,840.25
12/10/2015,25252.32031,2380.75,389.299988,756.549988,321.299988,1046.400024,258.649994,449.799988,858.950012
12/11/2015,25044.42969,2387.25,377.950012,758.049988,320.899506,1052.349976,249.350006,439.799988,856.400024
12/14/2015,25150.34961,2377.449951,371.700012,768.599976,319.650024,1069.5,248.949997,430.899994,874.200012
12/15/2015,25320.43945,2375.199951,379.299988,773.700012,322.600494,1076.900024,246.350006,435.350006,876.299988
12/16/2015,25494.36914,2407.100098,380.600006,784,319.5,1095.400024,252,437.299988,867.099976
12/17/2015,25803.7793,2440.350098,382.850006,802.599976,320.449493,1106.949951,253.050003,435.350006,875.450012
12/18/2015,25519.2207,2416.449951,378.200012,790.450012,317.25,1085.949951,250.100006,432.399994,880.900024
12/21/2015,25735.90039,2440.949951,380.299988,754.450012,325.750519,1102,258.200012,441.450012,875.049988
12/22/2015,25590.65039,2405.949951,0,764.150024,320.449493,1083.599976,259.5,446.649994,0
12/23/2015,25850.30078,2420.399902,378.600006,791.049988,321.499481,1098,261.799988,451.899994,878.099976
12/24/2015,25838.71094,2433.350098,382.399994,791.549988,323.2005,1095.849976,257.799988,450.700012,881.900024
12/28/2015,26034.13086,2458.5,393.25,811.5,326.050507,1101.650024,264.149994,454.149994,880
12/29/2015,26079.48047,2451.949951,390.850006,810.849976,324.949493,1103.75,265.200012,457.700012,879.849976
12/30/2015,25960.0293,0,0,0,326.549988,1086.050049,263.100006,0,0
12/31/2015,26117.53906,2439.199951,391.25,819.950012,327.599976,1104.550049,261.450012,449.5,883.849976
1/1/2016,0,2416.25,401.649994,815.75,327.299988,1103.150024,263,449.799988,880.150024
1/4/2016,25623.34961,2375.5,377.149994,798.650024,324.850494,1080.599976,255.550003,439.25,880.650024
1/5/2016,25580.33984,2350.350098,374.649994,801.25,324.7005,1074.800049,256.75,436.350006,900.849976
1/6/2016,25406.33008,2381.199951,365.700012,792.5,315.100494,1069.449951,250.100006,430.799988,886.549988
1/7/2016,24851.83008,2370.050049,343.200012,784,309.599976,1051.25,247,409.350006,871.549988
1/8/2016,24934.33008,2397.25,353.450012,793,313.349976,1062.650024,244.949997,413.850006,875.200012
1/11/2016,24825.03906,2363,360.649994,782.849976,316.000519,1057.099976,239.5,417.25,873.75
1/12/2016,24682.0293,2324.050049,355.049988,788.25,315.450012,1050.050049,236.850006,406.100006,873.150024
1/13/2016,24854.10938,2280.300049,364.450012,796.599976,316.000519,1082.349976,238.800003,406.399994,869.400024
1/14/2016,24772.9707,2278.949951,354.850006,790.950012,317.2005,1128.699951,235.300003,390.549988,890.200012
1/15/2016,24455.03906,2263.5,341.549988,785.900024,313.750519,1140.199951,224.550003,373.649994,879.5
1/18/2016,24188.36914,2282.449951,341.399994,786.200012,315.499481,1131.949951,222.699997,373.549988,850.599976
1/19/2016,24479.83984,2279,354.049988,794.150024,314.099976,1139.099976,228.800003,393.100006,845.200012
1/20/2016,24062.03906,2277.600098,342.049988,793.849976,309.0495,1121.650024,224.149994,388.649994,839.349976
1/21/2016,23962.21094,2261.199951,329.399994,773.25,306.550507,1136.5,226.199997,408.899994,843.900024
1/22/2016,24435.66016,2295.25,339.350006,790.049988,308.650513,1135.900024,232.75,424.100006,869.5
1/25/2016,24485.94922,2305.949951,332.899994,807.799988,309.550507,1137.650024,236.149994,420,877.400024
1/27/2016,24492.39063,2319.600098,337.149994,821.299988,312.499481,1138.349976,236.949997,415.149994,858.700012
1/28/2016,24469.57031,2330.899902,334,834.599976,318.599976,1131.349976,232.949997,406.600006,859.650024
1/29/2016,24870.68945,2391.199951,336.700012,873,319.5,1164.849976,230.100006,408.149994,868.849976
2/1/2016,24824.83008,2402.199951,338.350006,870.200012,324.7005,1171.300049,217.149994,399.299988,887.25
2/2/2016,24539,2401.5,329.700012,834.349976,324.450012,1174.800049,210.600006,391.299988,880.700012
2/3/2016,24223.32031,2417.050049,320.5,836.349976,321.450012,1158.150024,204.100006,380.549988,863.400024
2/4/2016,24338.42969,2417.449951,325.950012,832.549988,321.649506,1179.900024,204.050003,382.100006,888.700012
2/5/2016,24616.9707,2425.850098,337.25,856.799988,323.899506,1174.949951,209.199997,398.899994,897.150024
2/8/2016,24287.41992,2368.5,323.950012,836.099976,315.100494,1149.099976,208.550003,408.399994,887.200012
2/9/2016,24020.98047,2281.449951,310.600006,854.25,312.649506,1109.300049,209.300003,400.399994,884.200012
2/10/2016,23758.90039,2270.050049,291.850006,856.599976,308.849976,1110.150024,207.149994,393.200012,876.950012
2/11/2016,22951.83008,2196.050049,275.649994,830.950012,298.699493,1081.150024,199.350006,377.5,855.299988
2/12/2016,22986.11914,2226.5,298.649994,848.349976,300.250519,1083.5,194.199997,390.799988,856.150024
2/15/2016,23554.11914,2269.550049,316.450012,848.950012,303.7005,1091.349976,203.399994,417.5,857.75
2/16/2016,23191.9707,2267.75,301,827.349976,295.4505,1081,196.800003,405.549988,841
2/17/2016,23381.86914,0,310.100006,0,299.650513,0,190.699997,403.549988,853.799988
2/18/2016,23649.2207,2315.300049,313.700012,869.049988,304.950012,1122.699951,196.100006,397.950012,835.950012
2/19/2016,23709.15039,2320.199951,317.5,863.75,304.849487,1124,198.550003,392.5,854.099976
2/22/2016,23788.78906,2314.199951,318.799988,882.400024,299.599487,1125.300049,198.449997,397.100006,868.950012
2/23/2016,23410.17969,2265.100098,318.450012,871.099976,294.299988,1123.949951,192.100006,385.100006,874.5
2/24/2016,23088.92969,2218.649902,306.899994,854.5,287.2005,1125.400024,187.050003,386.549988,879
2/25/2016,22976,2212.25,298,874.849976,286.200012,1111.25,183.350006,379.200012,862.650024
2/26/2016,23154.30078,2214.699951,302.200012,871.049988,291,1121.050049,184.850006,386.049988,860.900024
2/29/2016,23002,2181.899902,300.25,855.049988,295.799988,1083.75,190,375.25,848.549988
3/1/2016,23779.34961,2275,315.299988,867.5,325.099487,1124.5,205.100006,391.899994,872.25
3/2/2016,24242.98047,2319.550049,317,852.299988,319.900513,1156.25,220.199997,407.149994,871.799988
3/3/2016,24606.99023,2377.300049,336.350006,870.349976,317.500519,1169.150024,217.899994,416.850006,880.099976
3/4/2016,24646.48047,2359.050049,343.549988,857.200012,316.000519,1170.550049,220.5,415.799988,867.099976
3/8/2016,24659.23047,2354.399902,345.700012,858.099976,321.250519,1163.550049,216.850006,411.700012,872.900024
3/9/2016,24793.96094,2356.199951,347.75,860.099976,319.950012,1178.5,216.300003,417.049988,877
3/10/2016,24623.33984,2348,348.399994,865.150024,316.049988,1145.949951,215.449997,413.149994,893.150024
3/11/2016,24717.99023,2366,354,867.75,321.100494,1142.5,213.800003,412.450012,896.150024
3/14/2016,24804.2793,2352,365.899994,864,324.299988,1140.949951,221.699997,415.950012,897.299988
3/15/2016,24551.16992,2329.649902,360.649994,843.900024,316.849487,1134.349976,221.350006,419.149994,886.099976
3/16/2016,24682.48047,2327.350098,359.850006,836.650024,322.099487,1152,226.449997,424.25,866.849976
3/17/2016,24677.36914,2351.75,361.049988,828.200012,324,1160.199951,227.550003,427.950012,870.75
3/18/2016,24952.74023,2427.25,365.899994,815.900024,325.000519,1190.199951,230.350006,435.950012,874.900024
3/21/2016,25285.36914,2443.649902,374.549988,835.650024,330.400513,1195,234.800003,443.549988,859.549988
3/22/2016,25330.49023,2474.050049,376.899994,844.099976,323.700012,1189.900024,233.699997,440.649994,854
3/23/2016,25337.56055,2474.699951,376.950012,846.599976,324.400513,1207.75,234.300003,437.549988,850
3/28/2016,24966.40039,2473.550049,363.25,811.049988,322.249481,1204.699951,225.25,422.799988,845.349976
3/29/2016,24900.46094,2467.850098,372.799988,794.049988,320.2005,1198.949951,223.350006,429.350006,854.049988
3/30/2016,25338.58008,2488.350098,388.899994,811.599976,326.700012,1205.800049,237.449997,443.399994,881.400024
3/31/2016,25341.85938,2516.050049,386.299988,819.450012,328.049988,1217.949951,236.550003,444.549988,868.700012
4/1/2016,25269.64063,2455.399902,379.549988,816.150024,336,1205.900024,238.600006,449.549988,869.950012
4/4/2016,25399.65039,2470.699951,388.049988,815.950012,330.949493,1243.550049,238.5,445.100006,885.599976
4/5/2016,24883.58984,2462.649902,370.5,800.549988,326.500519,1218.599976,225.5,432.25,869.25
4/6/2016,24900.63086,2478.899902,377.200012,809.599976,326.099976,1201.099976,222.800003,424.850006,864.400024
4/7/2016,24685.41992,2470.949951,375.100006,812.450012,319.600494,1181.650024,220.149994,426.450012,856.950012
4/8/2016,24673.83984,2428.699951,372.200012,811.799988,321.349487,1167.349976,221.399994,421.5,852.25
4/11/2016,25022.16016,2506.649902,385.850006,816.700012,326.500519,1184.400024,224.800003,429.899994,859.799988
4/12/2016,25145.58984,2512.5,395.100006,823.599976,322.650024,1182.300049,228.649994,433.450012,865.400024
4/13/2016,25626.75,2523.149902,408.549988,831.75,330.949493,1172.050049,241,440.75,873.099976
4/18/2016,25816.35938,2522.399902,407.100006,836.75,335.350494,1238.800049,236.75,444.149994,884.049988
4/20/2016,25844.17969,2451.899902,404.049988,827.900024,334.999481,1243.25,238.149994,458.049988,885.549988
4/21/2016,25880.38086,2423.199951,411.450012,832.5,329.599487,1226.400024,253.050003,467.600006,887.950012
4/22/2016,25838.14063,2417.199951,416.950012,820.150024,325.699493,1213.849976,251.949997,474.649994,871.599976
4/25/2016,25678.92969,2448.300049,411.350006,808.950012,321,1217.050049,253.100006,470,862.75
4/26/2016,26007.30078,2488,419.299988,814.099976,327.7005,1232.949951,254.100006,480.450012,876.900024
4/27/2016,26064.11914,2505.550049,418.600006,813.900024,333.299988,1240,244.800003,465.5,889.599976
4/28/2016,25603.09961,2526.949951,410.899994,802.549988,323.2995,1211.449951,240.149994,468.25,874.049988
4/29/2016,25606.61914,2530.050049,408.850006,811.299988,324.7995,1210.849976,236.600006,472.25,868.099976
5/2/2016,25436.9707,2525.149902,407.299988,811.450012,320.899506,1200.650024,226.949997,471.899994,862.75
5/3/2016,25229.69922,2480.25,409.5,798.349976,316.900513,1180.75,221.350006,469.75,871.549988
5/4/2016,25101.73047,2478.25,381.799988,802.75,312.7995,1189.550049,214.75,462.299988,873.150024
5/5/2016,25262.21094,2474,391.200012,810.900024,317.549988,1192.449951,214.850006,461.399994,868.349976
5/6/2016,25228.5,2472.149902,398.700012,804.099976,317.2005,1181.449951,218.149994,461.5,888.400024
5/9/2016,25688.85938,2515.350098,403.350006,804.75,324.75,1199.150024,225.300003,477.25,906.150024
5/10/2016,25772.5293,2523.600098,388.899994,802.400024,323.2995,1212.550049,225.5,487.850006,898.650024
5/11/2016,25597.01953,2517.75,380.100006,796.099976,318,1201.050049,224.100006,498.399994,907.400024
5/12/2016,25790.2207,2567.050049,387.200012,803.650024,319.000519,1210.199951,231.850006,492.450012,926.75
5/13/2016,25489.57031,2523.399902,390,795,319.300507,1206.699951,226.550003,490.799988,942.5
5/16/2016,25653.23047,2553.800049,392.549988,797.950012,329.2995,1213.949951,224,486.850006,951.599976
5/17/2016,25773.60938,2570.199951,389.899994,800,330.349487,1214.050049,226.25,503,969.900024
5/18/2016,25704.60938,2550.449951,385,795.200012,332.849976,1209.75,226.25,501.350006,964
5/19/2016,25399.7207,2555.550049,387.700012,792.400024,324.900024,1205.349976,225.550003,490.299988,956.950012
5/20/2016,25301.90039,2532.050049,384.549988,792.049988,329.9505,1201.75,220.050003,490.850006,956.150024
5/23/2016,25230.35938,2491.699951,382.75,784.299988,347.400024,1190.75,220.949997,486.299988,947.150024
5/24/2016,25305.4707,2467.5,389.25,772.799988,348.599976,1188.199951,224.399994,489.299988,956.25
5/25/2016,25881.16992,2526.699951,397,786.900024,356.400024,1208.849976,234.449997,502.350006,982.450012
5/26/2016,26366.67969,2552.800049,399.299988,780.049988,362.2995,1231.650024,240.699997,519.200012,991.5
5/27/2016,26653.59961,2572.050049,403.5,825.5,359.449493,1246.400024,243,513.099976,998.049988
5/30/2016,26725.59961,2635.350098,420.549988,812.5,356.599487,1263.449951,244.699997,513.299988,985.049988
5/31/2016,26667.96094,2575.100098,458.200012,762.700012,351.599976,1249.849976,245.199997,515.599976,984.099976
6/1/2016,26713.92969,2631.850098,449.200012,755.400024,360.75,1256.449951,240.100006,513.349976,1018.950012
6/2/2016,26843.14063,2646.899902,453.200012,746.849976,357.7995,1260.25,241.25,524.349976,1021.349976
6/3/2016,26843.0293,2630.850098,453.899994,738.25,354.599976,1266.449951,243.649994,542.799988,1025.599976
6/6/2016,26777.44922,2611.350098,460.75,725.950012,355.799988,1267.099976,243.350006,534.099976,1025.099976
6/7/2016,27009.66992,2631.449951,463.049988,738.799988,362.800507,1257.199951,253.850006,534.400024,1031.949951
6/8/2016,27020.66016,2611.100098,466.299988,738.450012,362.650513,1238.300049,257.600006,539.150024,1019.299988
6/9/2016,26763.46094,2577.5,466.700012,742.599976,354.349487,1185.449951,254.550003,542.200012,999.549988
6/10/2016,26635.75,2560.949951,457.200012,741.599976,351.550507,1180.800049,252.649994,541.299988,991.700012
6/13/2016,26396.76953,2551.949951,444.25,746.049988,349.950012,1182.550049,244.100006,531.549988,994.549988
6/14/2016,26395.71094,2534.699951,448.399994,752.700012,353.2995,1175.199951,245.350006,530.349976,985.650024
6/15/2016,26726.33984,2555.699951,452.200012,751.650024,359.650513,1189.199951,248.350006,528.5,998.349976
6/16/2016,26525.46094,2557.100098,454,753.700012,354.75,1186.199951,239.600006,523.650024,1006.799988
6/17/2016,26625.91016,2603.5,463.200012,742.799988,359.549988,1178.300049,238.350006,526.700012,997.849976
6/20/2016,26866.91992,2655.699951,481.649994,740.049988,358.300507,1208.599976,238.25,524.650024,991.900024
6/21/2016,26812.7793,2647.300049,485,735.950012,358.5495,1205.900024,238.199997,517.450012,980.950012
6/22/2016,26765.65039,2665.5,472.5,739.900024,354.550507,1198.550049,238.699997,515.950012,985.049988
6/23/2016,27002.2207,2644.300049,488,751.700012,360.250519,1211.550049,240.850006,526.5,983.950012
6/24/2016,26397.71094,2570.699951,449,753.75,353.400024,1194.5,231.050003,510.350006,988.700012
6/27/2016,26402.96094,2495.350098,448.600006,773.900024,359.050507,1166.25,232.850006,514.25,974.049988
6/28/2016,26524.55078,2461.800049,440.350006,766.200012,368.350494,1161.050049,233.100006,0,0
6/29/2016,0,0,0,0,366.199493,0,236.5,0,0
6/30/2016,26999.7207,2550.800049,459.25,763.599976,368.099976,1170.75,240.199997,533.450012,1003.650024
7/1/2016,27144.91016,2501.800049,457.899994,764,252.350006,1172.099976,240.399994,542.799988,1002.349976
7/4/2016,27278.75977,2494.800049,468.899994,771.900024,244.850006,1184.25,247.550003,543.900024,1001
7/5/2016,27166.86914,2482.699951,460.549988,774.150024,243.199997,1175.449951,245.300003,539.599976,985.200012
7/7/2016,27201.49023,2429.050049,455.25,777.450012,246.5,1157.199951,244.449997,542.450012,987.400024
7/8/2016,27126.90039,2425.5,465.200012,778.549988,245.850006,1158.75,241.550003,546.450012,1010.900024
7/11/2016,27626.68945,2463.649902,484.5,789.549988,249.399994,1174.849976,249.850006,544.349976,1027.050049
7/12/2016,27808.14063,2461.5,484.200012,783.75,248.050003,1176,261.549988,560.849976,1018.650024
7/13/2016,27815.17969,2491.399902,479.950012,778.299988,247,1193.150024,261.149994,556.650024,1009.5
7/14/2016,27942.10938,2520.300049,485.700012,770.150024,248.850006,1175.849976,268.25,560.049988,1019.049988
7/15/2016,27836.5,2441.899902,492.899994,770.400024,248.899994,1072.25,265.200012,564.75,1025
7/18/2016,27746.66016,2433.5,492.649994,776.650024,248.949997,1081.699951,263.600006,570.049988,1029.050049
7/19/2016,27787.61914,2461.550049,498.149994,782.200012,248.5,1086.300049,269.149994,564,1027.150024
7/20/2016,27915.89063,2493.25,493.799988,797,250.800003,1083.050049,267.600006,558.450012,1029.349976
7/21/2016,27710.51953,2501.25,490.649994,793.950012,250.649994,1080.349976,261.899994,538.25,1040.25
7/22/2016,27803.24023,2509.149902,506.399994,787.75,249.550003,1072.650024,263.549988,537.549988,1045.300049
7/25/2016,28095.33984,2551.550049,0,802.5,251.300003,1080.5,269.149994,538.299988,1068.849976
7/26/2016,27976.51953,2548.300049,503.149994,799.599976,251.550003,1088.800049,262.049988,553.650024,1060.650024
7/27/2016,28024.33008,2576.100098,510.100006,807.75,247.75,1087.550049,269.899994,548.650024,1061.800049
7/28/2016,28208.61914,2615.550049,505.850006,823.799988,253.899994,1079.199951,272.100006,543.299988,1126.949951
7/29/2016,28051.85938,2618.550049,503,829.75,252.449997,1073.949951,262.850006,546.049988,1114.699951
8/1/2016,28003.11914,2698,508.100006,835.099976,250.850006,1085,249.199997,550.200012,1120.349976
8/2/2016,27981.71094,2692.100098,493.850006,828.75,260.200012,1084.300049,245.350006,549.650024,1123.099976
8/3/2016,27697.50977,2656.25,479.149994,838.400024,252.75,1085,242,548.900024,1143.400024
8/4/2016,27714.36914,2652.649902,500.299988,849.049988,251.949997,1072.150024,240.649994,545.700012,1126.699951
8/5/2016,28078.34961,2648.899902,516.349976,842.349976,251.449997,1067.400024,246.100006,565.450012,1142.949951
8/8/2016,28182.57031,2651.899902,513.950012,832.900024,250,1078.800049,245.25,569.25,1149
8/9/2016,28085.16016,2650.550049,513.700012,828.75,249.199997,1081.5,245.350006,572.099976,1145.900024
8/10/2016,27774.88086,2673.899902,503.299988,817.349976,246.649994,1079.949951,239.300003,567.049988,1130.300049
8/11/2016,27859.59961,2704.300049,502.299988,808.900024,251.149994,1077.099976,242.350006,568.099976,1144.449951
8/12/2016,28152.40039,2732.350098,515.25,801.799988,253.550003,1063.300049,245.949997,590.75,1137.949951
8/16/2016,28064.60938,2691.449951,506.899994,782.950012,255.100006,1050.949951,248.699997,583.25,1129.300049
8/17/2016,28005.36914,2623.899902,510.25,784.900024,253.050003,1033.400024,247.300003,589.349976,1113.400024
8/18/2016,28123.43945,2636.699951,511.950012,788.75,252.199997,1024.300049,252.850006,593,1108.550049
8/19/2016,28077,2603.949951,510,782.700012,251.050003,1021.099976,254,588.400024,1115.25
8/22/2016,27985.53906,2551.449951,503.75,769.950012,254.050003,1015.400024,252.149994,580.150024,1113.449951
8/23/2016,27990.21094,2603.199951,503.549988,762.5,251.300003,1039.25,250.149994,582.299988,1124.449951
8/24/2016,28059.93945,2571.899902,498,770.650024,250.199997,1057.550049,248.899994,583.650024,1119
8/25/2016,27835.91016,2550.100098,493.75,764.849976,253.300003,1036.550049,247.149994,586.400024,1107.300049
8/26/2016,27782.25,2529.149902,503.649994,756,253.75,1020.75,245.25,586.799988,1123.150024
8/29/2016,27902.66016,2501.600098,524.700012,759,252.850006,1022.25,250.399994,588.799988,1111.199951
8/30/2016,28343.00977,2548.699951,528.299988,774.549988,257.350006,1041,256.149994,591.099976,1146.800049
8/31/2016,28452.16992,2512.550049,537.450012,774.849976,260.049988,1036.800049,257.700012,595.650024,1159.25
9/1/2016,28423.48047,2507.600098,543.650024,770.549988,260.600006,1037.650024,260.899994,596.200012,1155.349976
9/2/2016,28532.10938,2513.5,549.799988,782.099976,262.450012,1031.050049,261.350006,599.150024,1166.050049
9/6/2016,28978.01953,2484.050049,589.349976,782.099976,262.350006,1045.099976,272.450012,635.950012,1200.699951
9/7/2016,28926.35938,2447,587.700012,779.450012,261.700012,1055,278.149994,625,1177.699951
9/8/2016,29045.2793,2321.149902,584.549988,808.200012,265.299988,1037.900024,276.350006,629.200012,1183.5
9/9/2016,28797.25,2352.5,573,797.150024,258.700012,1036,274.149994,613.200012,1171.599976
9/12/2016,28353.53906,2359.100098,554.150024,786.950012,252.25,1054,268.75,592.200012,1154.449951
9/14/2016,28372.23047,2328.550049,561.400024,780.349976,252,1047.099976,271.600006,602.299988,1163
9/15/2016,28412.89063,2328.050049,557.25,786.25,255.100006,1041.349976,270.649994,588.75,1170.300049
9/16/2016,28599.0293,2361.149902,548.900024,784.5,260.399994,1060.349976,267.549988,601.150024,1155.949951
9/19/2016,28634.5,2407.350098,553.5,783.25,258.149994,1061.150024,271.850006,594.450012,1163.449951
9/20/2016,28523.19922,2411.100098,547.599976,778.400024,257.049988,1050.349976,272,592.950012,1166.75
9/21/2016,28507.41992,2413.5,549.950012,778.200012,253.800003,1056.699951,269.649994,598,1169.300049
9/22/2016,28773.13086,2377.649902,558.299988,786.5,255.199997,1058.5,275.549988,591.950012,1192.349976
9/23/2016,28668.2207,2397.300049,553.349976,780.099976,253.850006,1043,271.799988,557.400024,1189.349976
9/26/2016,28294.2793,2400.850098,535.549988,766.349976,248.199997,1035.699951,263.200012,547.599976,1180.400024
9/27/2016,28223.69922,2430.699951,531.950012,770.5,245.800003,1040.449951,260.799988,541.099976,1193.849976
9/28/2016,28292.81055,2423.449951,539.849976,766.450012,247.050003,1038.599976,260.799988,549.150024,1194.150024
9/29/2016,27827.5293,2434.600098,526.200012,737.049988,245.550003,1029.900024,251,538.75,1167.949951
9/30/2016,27865.96094,2427.199951,534.75,742.700012,241.550003,1038.099976,252.300003,541.849976,1162.099976
10/3/2016,28243.28906,2411.800049,540.700012,757.75,242.100006,1037.849976,256.049988,550.950012,1191.599976
10/4/2016,28334.55078,2401.100098,549.349976,764.299988,241.449997,1048.800049,258.200012,546.799988,1192.300049
10/5/2016,28220.98047,2382.550049,558.099976,759.599976,240.300003,1041.150024,255.649994,535.700012,1208.849976
10/6/2016,28106.21094,2384.25,551.25,752.849976,238,1026.650024,251.600006,530.950012,1208.050049
10/7/2016,28061.14063,2368.25,565.700012,751.200012,239.149994,1012.650024,250.600006,533.349976,1185.599976
10/10/2016,28082.33984,2380.100098,562.099976,754.349976,240.149994,1029.550049,250.100006,531.400024,1211.949951
10/13/2016,27643.10938,2328.5,544.299988,740.349976,239.149994,1052.050049,241.199997,518.75,1212.900024
10/14/2016,27673.59961,2365.899902,555.450012,745.650024,239.800003,1027.400024,241.850006,520.650024,1207.849976
10/17/2016,27529.9707,2362.899902,547.049988,734.049988,240.449997,1022.049988,258.549988,518.849976,1182.900024
10/18/2016,28050.88086,2398.300049,553.549988,743.950012,245.800003,1038.199951,270.399994,532.299988,1177.150024
10/19/2016,27984.36914,2394.199951,550.25,750.400024,239.800003,1041.599976,265,535.349976,1169.449951
10/20/2016,28129.83984,2399.850098,547.299988,746.700012,239.300003,1036.949951,277.5,538.799988,1167.199951
10/21/2016,28077.17969,2428.699951,544.549988,746.75,239.850006,1038.099976,277.700012,526.599976,1153.5
10/24/2016,28179.08008,2427.850098,559.099976,747.150024,241.199997,1029,284.549988,521.299988,1127.550049
10/25/2016,28091.41992,2398.649902,553.099976,747.75,238.75,1017.349976,289.100006,529.049988,1140
10/26/2016,27836.50977,2396.949951,529.5,739.549988,238.899994,1014.849976,278.549988,486.5,1122.699951
10/27/2016,27915.90039,2413.25,521.849976,745.200012,243.300003,1006.150024,283.950012,485.25,1086.349976
10/28/2016,27941.50977,2399.25,535.849976,743.75,242.550003,997.450012,277.100006,486.600006,1070
11/1/2016,27876.60938,2347.699951,530.950012,733.849976,239.850006,988.849976,275.350006,475.450012,1075.800049
11/2/2016,27527.2207,2304.449951,514,714.700012,237.300003,981.099976,271.850006,475.700012,1062.050049
11/3/2016,27430.2793,2319.949951,510.25,705,240.350006,966.900024,269.799988,475.549988,1036.949951
11/4/2016,27274.15039,2330.100098,512.099976,652.75,249.100006,970.799988,269.700012,478.100006,1042.650024
11/7/2016,27458.99023,2279.350098,507.299988,657.25,256.700012,978.75,278.75,484.399994,1037.650024
11/8/2016,27591.14063,2283.699951,540.200012,635.25,255.75,982.799988,283.200012,490.799988,1056.5
11/9/2016,27252.5293,2171.050049,534.400024,661.099976,248.649994,955.849976,281.549988,487.75,1051.300049
11/10/2016,27517.67969,2158.050049,534.150024,666.950012,250.800003,938.599976,292.549988,506.549988,1014.5
11/11/2016,26818.82031,2105.050049,507.399994,688.950012,243,921.849976,277,498.399994,963.599976
11/15/2016,26304.63086,2122.100098,457.25,682.5,237.699997,924.75,269.299988,479.149994,892.200012
11/16/2016,26298.68945,2190.25,457.899994,667.950012,230.699997,940.099976,266.25,472.049988,934.349976
11/17/2016,26227.61914,2142.149902,472.600006,670.700012,232.350006,929.549988,267.700012,474.399994,918.25
11/18/2016,26150.24023,2123.149902,471,688.25,227.899994,919.799988,264.549988,473.450012,907.25
11/21/2016,25765.14063,2132.550049,456.899994,690.75,224.350006,911.150024,261.549988,465.850006,899.700012
11/22/2016,25960.7793,2134.300049,464.899994,689.75,226.199997,913.950012,263.350006,471.299988,907.349976
11/23/2016,26051.81055,2156.699951,471.399994,701.049988,224.550003,920.5,265,480.450012,942.5
11/24/2016,25860.16992,2186.5,453.049988,683.599976,223.600006,932.700012,259.649994,468,937.700012
11/25/2016,26316.33984,2300.850098,453.25,712.150024,228.75,977.299988,259.850006,471.350006,945.150024
11/28/2016,26350.16992,2277.300049,454.799988,713.799988,233.5,979.650024,255.350006,472.799988,938
11/29/2016,26394.00977,2258.399902,459.799988,706.299988,231.199997,972.650024,255.75,465.299988,958.400024
11/30/2016,26652.81055,2276.75,459.350006,710.299988,232.899994,975.450012,265,469.75,969.849976
12/1/2016,26559.91992,2266.449951,448.149994,721.799988,233.350006,976.049988,259.350006,465.899994,939.049988
12/2/2016,26230.66016,2223.899902,433.049988,719.450012,228.399994,964.099976,259.649994,459.799988,905.549988
12/5/2016,26349.09961,2186.449951,439.600006,713.049988,232.449997,961.400024,260.75,461,937.950012
12/6/2016,26392.75977,2190.449951,441.350006,706,230.25,966.950012,261.200012,456.700012,934.099976
12/7/2016,26236.86914,2158.199951,445.25,663.950012,227.550003,966.599976,258.450012,447.549988,932.700012
12/8/2016,26694.2793,2196.899902,461.299988,675.549988,233,984.75,262.200012,449.5,935.400024
12/9/2016,26747.17969,2193.449951,464.049988,673,235.800003,987.349976,268.350006,456.299988,941.650024
12/12/2016,26515.24023,2206.25,454.549988,676.299988,232.550003,977.5,264.649994,444.600006,910.25
12/13/2016,26697.82031,2200.850098,470.350006,683,235.300003,990.049988,264.75,452.350006,908.950012
12/14/2016,26602.83984,2207.899902,472.600006,679.049988,233.100006,999.049988,260.649994,466.950012,913.25
12/15/2016,26519.07031,2259.5,463.450012,649.450012,229.800003,993.25,260.350006,477.100006,905.799988
12/16/2016,26489.56055,2281.75,472.5,647.099976,226.550003,1004.200012,255.600006,472.75,900.900024
12/19/2016,26374.69922,2287.5,471.700012,632.200012,227.100006,1002.200012,257.200012,467.5,879.700012
12/20/2016,26307.98047,2337.75,472.799988,628.549988,229.399994,1010.400024,251.600006,461.600006,868.700012
12/21/2016,26242.38086,2312.75,468.75,614.400024,226.100006,1003.700012,253.350006,457.899994,866.299988
12/22/2016,25979.59961,2309.850098,469.649994,609.200012,227.25,985.200012,253,448.450012,869.549988
12/23/2016,26040.69922,2290.199951,466.149994,623.799988,224.800003,989.299988,251.949997,438.450012,873.75
12/26/2016,25807.09961,2292.100098,458.299988,611.75,225.050003,983,248.399994,431.75,867.150024
12/27/2016,26213.43945,2321.850098,466.5,620.400024,234.100006,999.25,253.300003,437.450012,876.349976
12/28/2016,26210.67969,2315.800049,463.149994,621.599976,235.350006,999.150024,251.600006,439.5,876.599976
12/29/2016,26366.15039,2350.75,470.75,613.849976,235.5,994.099976,251.149994,444.149994,881.299988
12/30/2016,26626.46094,2361.949951,471.350006,629.75,240.949997,1010.700012,255.300003,450,891.349976
